Cluster,Size,Avg_Transaction_Value,Avg_Purchase_Frequency,Avg_Recency,Total_Revenue,Avg_Products_Purchased
0,38,537.9254374477863,5.7894736842105265,61.39473684210526,115793.07,5.7368421052631575
1,28,729.1459594928881,8.107142857142858,50.0,163310.61,7.785714285714286
2,29,694.5999367816095,3.9655172413793105,85.10344827586206,76561.67,3.9310344827586206
3,10,339.25983333333335,2.0,102.5,7493.239999999999,2.0
4,36,787.9429953703703,4.194444444444445,71.30555555555556,116937.71000000002,4.055555555555555
5,15,573.2613333333334,1.8666666666666667,172.06666666666666,16628.91,1.8666666666666667
6,16,714.2677395833333,3.375,56.75,38219.21000000001,3.3125
7,28,858.6448066893424,6.607142857142857,50.785714285714285,155051.14,6.321428571428571
